<?xml version="1.0" encoding="utf-8"?>
<install type="module" version="1.5.0" method="upgrade">
    <name>Jumi</name>
    <author>Edvard Ananyan</author>
    <creationDate>October 2009</creationDate>
    <copyright>Copyright (c) 2006 - 2010 Martin Hajek, Edvard Ananyan. All rights reserved.</copyright>
    <license>http://www.gnu.org/copyleft/gpl.html GNU/GPL</license>
    <authorEmail>edo888@gmail.com</authorEmail>
    <authorUrl>http://edo.webmaster.am</authorUrl>
    <version>2.0.6</version>
    <description>JUMIMODULEDESC</description>

    <files>
        <filename module="mod_jumi">mod_jumi.php</filename>
        <filename>index.html</filename>
        <filename>helper.php</filename>
        <filename>jumi_demo.php</filename>
        <filename>tmpl/default.php</filename>
        <filename>tmpl/index.html</filename>
    </files>

    <languages folder="language">
        <language tag="en-GB">en-GB.mod_jumi.ini</language>
        <language tag="ru-RU">ru-RU.mod_jumi.ini</language>
        <language tag="cs-CZ">cs-CZ.mod_jumi.ini</language>
        <language tag="hy-AM">hy-AM.mod_jumi.ini</language>
        <language tag="es-ES">es-ES.mod_jumi.ini</language>
    </languages>

    <params>
        <param name="notepad" type="textarea" default="" label="Notepad" description="PARAMNOTES" cols="60" rows="3" />
        <param name="@spacer" type="spacer" default="" label="" description="" />
        <param name="code_written" type="textarea" default="" label="Code written" description="PARAMCODEWRITTEN" cols="60" rows="17" />
        <param name="@spacer" type="spacer" default="" label="" description="" />
        <param name="source_code_storage" type="text" size ="97" default="" label="Source of code" description="PARAMSOURCECODESTORAGE" />
    </params>

    <params group="advanced">
        <param name="default_absolute_path" type="text" size ="90" default="" label="Default Absolute Jumi Path" description="PARAMABSPATH" />
        <param name="moduleclass_sfx" type="text" default="" label="Module Class Suffix" description="PARAMMODULECLASSSUFFIX" />
        <param name="cache" type="list" default="1" label="Caching" description="PARAMMODULECACHING">
            <option value="1">Use global</option>
            <option value="0">No caching</option>
        </param>
        <param name="cache_time" type="text" default="900" label="Cache Time" description="PARAMMODULECACHETIME" />
    </params>
</install>
