<?xml version="1.0" encoding="utf-8"?>
<install version="1.5" type="plugin" group="system">
	<name>System - CustomHeadTag</name>
	<license>http://www.gnu.org/copyleft/gpl.html GNU/GPL</license>
	<author>Joomler!.net</author>
	<authorEmail>joomlers@gmail.com</authorEmail>
	<authorUrl>http://www.joomler.net</authorUrl>
	<creationDate>25 February 2008</creationDate>
	<copyright>(C) 2008 Joomler!.net</copyright>
	<version>1.0.2</version>
	<description>CUSTOMHEADTAGDESCRIPTIONPLUGIN</description>
	<files>
		<filename plugin="customheadtag">customheadtag.php</filename>
	</files>
	<languages>
		<language tag="en-GB">en-GB.plg_system_customheadtag.ini</language>
		<language tag="ja-JP">ja-JP.plg_system_customheadtag.ini</language>
	</languages>
	<params>
		<param name="menu" type="text" default="" label="Menu ID" description="Please input the menu ID that output custom tag. example:1,3,7" size="20"/>
		<param name="content" type="text" default="" label="Content ID" description="Please input the content ID that output custom tag. example:1,3,7" size="20"/>
		<param name="display" type="list" default="3" label="Output" description="When you set it in ALL, custom tag is output by all pages.">
			<option value="1">both</option>
			<option value="0">menu</option>
			<option value="2">content</option>
			<option value="3">All</option>
		</param>
		<param name="headtag" type="textarea" cols="40" rows="20" default="" label="Custom Tag" description="Please input your custom tags." />
		<param name="scripturl" type="textarea" cols="40" rows="5" default="" label="Path : Javascript" description="Please input path after the site URL. In the case of the plural number, please divide it at a new line. example:modules/mod_example/javascript/example.js" size="20" />
		<param name="script" type="textarea" cols="40" rows="20" default="" label="Script : Javascript" description="Please input the custom javascript. example:alert('Example');" size="20" />
		<param name="styleurl" type="textarea" cols="40" rows="5" default="" label="Path : Style" description="Please input path after the site URL. In the case of the plural number, please divide it at a new line. example:modules/mod_example/style/example.css" size="20" />
		<param name="style" type="textarea" cols="40" rows="20" default="" label="Style : Style" description="Please input the custom style. example:div#example{display:hidden}" size="20" />
	</params>
</install>
