<?xml version="1.0" encoding="utf-8"?>
<install version="1.5" type="plugin" group="system" method="upgrade">
    <name>System - Jumi Router</name>
    <author>Edvard Ananyan</author>
    <creationDate>October 2009</creationDate>
    <copyright>Copyright (C) 2008 - 2010 Edvard Ananyan. All rights reserved.</copyright>
    <license>http://www.gnu.org/licenses/gpl-2.0.html GNU/GPL</license>
    <authorEmail>edo888@gmail.com</authorEmail>
    <authorUrl>http://edo.webmaster.am</authorUrl>
    <version>2.0.6</version>
    <description>SEF routing plugin for Jumi, which will enable direct access to jumi application with it's alias.</description>

    <files>
        <filename plugin="jumirouter">jumirouter.php</filename>
    </files>

    <params>
    </params>
</install>